Nome,CustId,Tipo,Nickname,Email,Telefone,Faturamento Bruto,Variação Faturamento Bruto,Margem de Lucro,Variação Margem de Lucro,Margem de Lucro %,Variação Margem de Lucro %,Estado,Investimento,Variação investimento,Retorno,Variação retorno,ACOS,Variação ACOS,TACOS,Variação TACOS,Vendas publicidade,Variação Vendas publicidade,Aporte faturamento,Variação Aporte faturamento,Aporte vendas,Variação Aporte vendas,Aporte visualizações,Variação Aporte visualizações,Marketplace
Waldomiro Farias Lima,570267839,Ads,RELOJOARIA_WENUS,geovani.info@gmail.com,5538997505183,R$ 2930482.00,20.13 %,R$ 283623.00,103.23 %,10.00 %,62.28 %,100 %,R$ 100624.00,-9.29 %,R$ 1204557.00,14.61 %,8.00 %,-20.00 %,3.43 %,-24.49 %,R$ 14853.00,36.67 %,45.00 %,-6.55 %,38.00 %,-13.10 %,39.00 %,-1.76 %,MercadoLibre
DSG VARIEDADES,734056579,Ads,DSG VARIEDADES,dsgvariedades@gmail.com,5538999093345,R$ 894308.00,2.78 %,R$ 153673.00,109.39 %,18.00 %,95.50 %,100 %,R$ 35290.00,-18.46 %,R$ 367308.00,2.78 %,9.00 %,-18.18 %,3.95 %,-20.67 %,R$ 2867.00,-0.42 %,45.00 %,-2.23 %,45.00 %,-5.25 %,39.00 %,11.11 %,MercadoLibre
CAMILLO PARTS FILIAL SC CAMILLO PARTS FILIAL SC,724397733,Ads,CAMILLOPARTSFILIALSCCAMILLO,vendas20@camilloparts.com.br,5554984222935,R$ 9406977.00,2.97 %,R$ 5482379.00,9.46 %,61.00 %,1.03 %,100 %,R$ 157265.00,2.54 %,R$ 2078137.00,6.99 %,7.00 %,0.00 %,1.67 %,-0.42 %,R$ 18129.00,0.28 %,24.00 %,3.54 %,30.00 %,7.05 %,26.00 %,26.92 %,MercadoLibre
GENUINE AUTOMOTIVE COMERCIO DE PECAS LTDA,577803235,Ads,GENUINEAUTOMOTIVE,vendas20@camilloparts.com.br,5554984222935,R$ 432481.00,33.16 %,R$ 239219.00,38.80 %,60.00 %,0.72 %,43 %,R$ 2933.00,-31.59 %,R$ 21279.00,-16.44 %,12.00 %,-14.29 %,0.68 %,-48.63 %,R$ 1524.00,20.86 %,6.00 %,-38.89 %,7.00 %,-22.98 %,6.00 %,-4.47 %,MercadoLibre
Danielle Avelino da Silva  Danielle Avelino da Silva ,805635431,Ads,SHOPPING_ECOMM2,ecom.shopps2@gmail.com,5513997321811,R$ 233251.00,26.51 %,R$ 56127.00,21.44 %,25.00 %,-8.72 %,83 %,R$ 4653.00,48.87 %,R$ 42737.00,47.03 %,10.00 %,0.00 %,1.99 %,17.66 %,R$ 4635.00,24.23 %,20.00 %,16.27 %,19.00 %,24.72 %,19.00 %,3.03 %,MercadoLibre
PESQUISE DESCONTOS LTDA,194497048,Ads,PESQUISE DESCONTOS,vineksrocha@gmail.com,5511963949578,R$ 2312.00,-85.90 %,R$ 351.00,-95.18 %,17.00 %,-64.37 %,6 %,R$ 126.00,-59.45 %,R$ 635.00,-78.50 %,17.00 %,70.00 %,5.45 %,187.40 %,R$ 78.00,-79.37 %,33.00 %,65.39 %,10.00 %,-43.22 %,21.00 %,29.85 %,MercadoLibre
FARM DE MANIP VIDA NATURAL EPP FARM DE MANIP VIDA NATURAL EPP,1169405259,Ads,FARMACIAVIDANATURALMANIPULE,marketingvidanatural1@gmail.com,5531997377216,R$ 648182.00,-2.48 %,R$ 167290.00,-7.42 %,26.00 %,-6.71 %,78 %,R$ 45951.00,15.12 %,R$ 321746.00,-6.63 %,13.00 %,30.00 %,7.09 %,18.04 %,R$ 9269.00,-5.25 %,57.00 %,-2.04 %,57.00 %,-3.45 %,52.00 %,5.22 %,MercadoLibre
J  V  FARMA DISTRIBUIDORA LTDA J  V  FARMA DISTRIBUIDORA LTDA,707299758,Ads,DEUSA COSMÉTICOS,deusacosmeticos13@gmail.com,5547984560320,R$ 90692.00,-14.31 %,R$ 15579.00,-18.92 %,18.00 %,-6.78 %,47 %,R$ 5408.00,14.24 %,R$ 50945.00,-12.53 %,10.00 %,25.00 %,5.96 %,33.32 %,R$ 1410.00,-11.15 %,62.00 %,4.40 %,59.00 %,6.95 %,55.00 %,18.41 %,MercadoLibre
Ellite Mega Store,278508769,Ads,ELLITEMEGASTORE,monicafioco@hotmail.com,551144023174,R$ 498995.00,18.47 %,R$ 61456.00,21.63 %,13.00 %,2.07 %,66 %,R$ 13282.00,6.25 %,R$ 179915.00,19.46 %,7.00 %,-12.50 %,2.66 %,-10.31 %,R$ 5804.00,37.89 %,39.00 %,-0.12 %,40.00 %,-3.72 %,51.00 %,10.20 %,MercadoLibre
VIVA CONFORTO COMERCIO LTDA,220649509,Ads,VIVACONFORTO,andre@vivaconforto.com.br,5511994661252,R$ 162392.00,44.35 %,R$ 17628.00,67.89 %,11.00 %,13.07 %,70 %,R$ 7889.00,23.86 %,R$ 66064.00,44.58 %,11.00 %,-8.33 %,4.86 %,-14.20 %,R$ 1448.00,54.70 %,46.00 %,-1.60 %,45.00 %,-2.41 %,41.00 %,5.06 %,MercadoLibre
Isabel Cristina Do Carmo 12702893813,1078120806,Ads,KAPRAKAZA.COM,hervatinronaldo@gmail.com,5519997006373,R$ 67470.00,-31.78 %,R$ 12069.00,-30.53 %,19.00 %,0.19 %,74 %,R$ 3152.00,-30.04 %,R$ 29300.00,-31.11 %,10.00 %,0.00 %,4.67 %,2.56 %,R$ 1956.00,-32.85 %,48.00 %,1.08 %,49.00 %,5.05 %,53.00 %,8.09 %,MercadoLibre
FEMAKBRASIL COMERCIO DE MAQUINAS E FERRAMENTAS EIRELI,240993445,Ads,FEMAKBRASIL,administrativo@femakbrasil.com.br,5516981709999,R$ 2343506.00,-0.74 %,R$ 134090.00,-11.30 %,6.00 %,-12.30 %,90 %,R$ 78956.00,9.19 %,R$ 1110610.00,2.24 %,7.00 %,16.67 %,3.37 %,10.00 %,R$ 6163.00,0.05 %,51.00 %,3.35 %,52.00 %,-0.77 %,62.00 %,22.60 %,MercadoLibre
MIGUEL ANGEL  MARTINEZ GARCIA,1066675941,Ads,SMARTBUY2749106,smartbuy.son@gmail.com,5519991119770,R$ 56973.00,25.88 %,R$ 7359.00,-14.08 %,13.00 %,-36.88 %,45 %,R$ 203.00,42.93 %,R$ 3723.00,17.53 %,5.00 %,25.00 %,0.36 %,13.56 %,R$ 349.00,28.78 %,7.00 %,-5.77 %,12.00 %,-0.04 %,11.00 %,1.25 %,MercadoLibre
Bella mais litoral,1551070596,Ads,TUDO_PARA_VOCE_E_SUA_CASA_3,ecom.shopps2@gmail.com,5513997321811,R$ 0.00,0.00 %,R$ 0.00,0.00 %,0.00 %,0.00 %,0 %,R$ 0.00,0.00 %,R$ 0.00,0.00 %,0.00 %,0.00 %,0.00 %,0.00 %,R$ 0.00,0.00 %,0.00 %,0.00 %,0.00 %,0.00 %,0.00 %,0.00 %,MercadoLibre
N C DA SILVA COMERCIO E DISTRI N C DA SILVA COMERCIO E DISTRI,1159541804,Ads,TUDO_PARA_VOCE_E_SUA_CASA_1,ecom.shopps2@gmail.com,5513997321811,R$ 0.00,0.00 %,R$ 0.00,0.00 %,0.00 %,0.00 %,0 %,R$ 0.00,0.00 %,R$ 0.00,0.00 %,0.00 %,0.00 %,0.00 %,0.00 %,R$ 0.00,0.00 %,0.00 %,0.00 %,0.00 %,0.00 %,0.00 %,0.00 %,MercadoLibre
52.072.233 FLAVIA LUJAN ROMERO 52.072.233 FLAVIA LUJAN ROMERO,1487458262,Performance,USE4U_LOJA,flavia.lujan06@gmail.com,5511992585611,R$ 30055.00,-0.90 %,R$ 17673.00,-2.25 %,62.00 %,-3.03 %,81 %,R$ 2394.00,-3.70 %,R$ 12121.00,-10.91 %,16.00 %,6.67 %,7.97 %,-2.82 %,R$ 468.00,-8.95 %,48.00 %,-8.97 %,49.00 %,-1.50 %,50.00 %,-0.77 %,MercadoLibre
CAMILLO PARTS DISTRIBUIDORA AUTOMOTIVA LTDA,267873368,Ads,CAMILLOPARTS MATRIZ,vendas20@camilloparts.com.br,5554984222935,R$ 355147.00,-3.38 %,R$ 231795.00,6.43 %,68.00 %,2.19 %,77 %,R$ 4180.00,-5.72 %,R$ 31759.00,-12.68 %,12.00 %,9.09 %,1.18 %,-2.43 %,R$ 2077.00,-22.70 %,10.00 %,-8.84 %,17.00 %,23.65 %,11.00 %,3.86 %,MercadoLibre
EDUMAC PARTS,290329489,Ads,EDUMAC PARTS,vendas20@camilloparts.com.br,5554984222935,R$ 271559.00,-0.02 %,R$ 170293.00,8.16 %,68.00 %,2.59 %,46 %,R$ 1721.00,-39.01 %,R$ 19866.00,-3.37 %,8.00 %,-33.33 %,0.63 %,-38.98 %,R$ 1711.00,-36.25 %,8.00 %,-7.65 %,9.00 %,11.47 %,7.00 %,-4.29 %,MercadoLibre
L C RIBEIRO ELETRONICOS L C RIBEIRO ELETRONICOS,1421364758,Ads,OXONBOX,smartbuy.son@gmail.com,5519991119770,R$ 29265.00,-16.04 %,R$ 20843.00,-21.03 %,75.00 %,-5.44 %,0 %,R$ 0.00,0.00 %,R$ 0.00,0.00 %,0.00 %,0.00 %,0.00 %,0.00 %,R$ 301.00,-4.14 %,0.00 %,0.00 %,0.00 %,0.00 %,0.00 %,0.00 %,MercadoLibre
Oxon Shop Oxon Shop,166366500,Ads,OX-ON,oxonshopanuncio@gmail.com,5519991119770,R$ 121904.00,-15.57 %,R$ 77269.00,-16.66 %,66.00 %,-2.77 %,44 %,R$ 3599.00,-16.32 %,R$ 39386.00,-14.16 %,8.00 %,-11.11 %,2.95 %,-0.89 %,R$ 1413.00,-16.44 %,35.00 %,1.45 %,38.00 %,-13.42 %,41.00 %,5.64 %,MercadoLibre
D G SOM AUDIO DESIGN SERVICOS ,451654807,Ads,DG AUTOPARTS,deby.camp13@gmail.com,5511988988732,R$ 96030.00,9.17 %,R$ 16039.00,24.66 %,18.00 %,9.45 %,56 %,R$ 1580.00,-15.24 %,R$ 14927.00,-11.24 %,10.00 %,0.00 %,1.65 %,-22.36 %,R$ 561.00,4.28 %,17.00 %,-19.13 %,17.00 %,-35.03 %,27.00 %,-4.35 %,MercadoLibre
bymobille comercio de moveis l .-,436501796,Ads,BYMOBILLECOMERCIODEMOVEISL,comercial@bymobille.com.br,5532984971960,R$ 2518945.00,10.01 %,R$ 269093.00,78.98 %,11.00 %,52.15 %,86 %,R$ 68933.00,-6.27 %,R$ 1436694.00,30.03 %,5.00 %,-16.67 %,2.74 %,-14.80 %,R$ 4938.00,13.44 %,60.00 %,16.04 %,54.00 %,7.72 %,46.00 %,13.14 %,MercadoLibre
MSD COMERCIO ELETRONICO VAREJI,435138055,Ads,MEGAMIX_ONLINE,megamixonline12@gmail.com,5511986505582,R$ 3951.00,-29.70 %,R$ 2141.00,-34.47 %,60.00 %,-3.08 %,35 %,R$ 279.00,-27.23 %,R$ 1404.00,-12.34 %,17.00 %,-10.53 %,7.06 %,3.64 %,R$ 112.00,-24.83 %,43.00 %,20.62 %,38.00 %,-19.41 %,37.00 %,-12.06 %,MercadoLibre
Luccauto Peças e acessorios LTDA,23616476,Ads,LUCCAUTO.COM,lukkauto@gmail.com,5511963090054,R$ 468150.00,4.97 %,R$ 64492.00,85.12 %,15.00 %,66.00 %,75 %,R$ 8007.00,5.52 %,R$ 99254.00,17.85 %,7.00 %,-12.50 %,1.71 %,0.52 %,R$ 2735.00,12.83 %,23.00 %,11.24 %,25.00 %,-13.54 %,25.00 %,-1.05 %,MercadoLibre
Móveis  Roriz,1160599556,Ads,RORIZMARCENARIA,contato@rorizmarcenaria.com.br,37221544,R$ 4962.00,-37.34 %,R$ 3049.00,-20.55 %,56.00 %,10.42 %,70 %,R$ 272.00,-40.29 %,R$ 1381.00,-50.21 %,16.00 %,14.29 %,5.48 %,-4.82 %,R$ 28.00,-59.42 %,30.00 %,-26.13 %,19.00 %,-27.96 %,33.00 %,-22.88 %,MercadoLibre
N N Interiores ,2000990296,Ads,NNINTERIORES,comercial@nninteriores.com.br,5532998410008,R$ 64122.00,202.03 %,R$ 38913.00,229.21 %,70.00 %,12.32 %,89 %,R$ 2250.00,17.87 %,R$ 13026.00,146.62 %,15.00 %,-44.44 %,3.51 %,-60.98 %,R$ 63.00,142.31 %,24.00 %,-29.66 %,28.00 %,-28.27 %,9.00 %,-9.97 %,MercadoLibre
LOURO JUSTO PARMA JUNIOR LIMIT LOURO JUSTO PARMA JUNIOR LIMIT,627710919,Ads,PARMAMOVEIS,sac@parmamoveis.com.br,5532984245023,R$ 144439.00,19.30 %,R$ 11481.00,39.13 %,8.00 %,4.65 %,75 %,R$ 4054.00,2.33 %,R$ 69597.00,30.00 %,6.00 %,-14.29 %,2.81 %,-14.23 %,R$ 197.00,27.92 %,51.00 %,7.37 %,49.00 %,-8.03 %,35.00 %,14.07 %,MercadoLibre
JR ACESSORIOS LTDA JR ACESSORIOS LTDA,1772055405,Ads,JRJR20240417125157,magalidias406@gmail.com,5532984933774,R$ 16038.00,9.02 %,R$ 7880.00,68.68 %,52.00 %,48.50 %,53 %,R$ 626.00,-7.09 %,R$ 3400.00,-26.89 %,16.00 %,23.08 %,3.90 %,-14.81 %,R$ 212.00,-1.40 %,25.00 %,-30.64 %,24.00 %,-30.04 %,27.00 %,22.55 %,MercadoLibre
Fernando De Souza Inacio,823756546,Ads,NITRO METAIS,brunocrusco98@gmail.com,44999967096,R$ 862249.00,2.89 %,R$ 504755.00,-0.86 %,62.00 %,-0.96 %,0 %,R$ 35501.00,5.15 %,R$ 394801.00,6.85 %,8.00 %,0.00 %,4.12 %,2.20 %,R$ 11023.00,0.37 %,53.00 %,9.44 %,52.00 %,5.40 %,61.00 %,14.13 %,MercadoLibre
CONFECCOES KATITUS LTDA,273398055,Ads,CONF KATITUS,contato@katitus.com,5515991155236,R$ 241591.00,39.83 %,R$ 59054.00,30.45 %,25.00 %,-12.70 %,88 %,R$ 10409.00,20.17 %,R$ 97547.00,16.41 %,10.00 %,11.11 %,4.31 %,-14.06 %,R$ 3377.00,49.82 %,45.00 %,-16.52 %,46.00 %,-21.39 %,29.00 %,-12.34 %,MercadoLibre
Império Moveis e Acessórios,1538805567,Ads,IMPERIOACESSORIOS2023,romariogmedeiros@gmail.com,5532984160166,R$ 25503.00,-5.82 %,R$ 12011.00,32.24 %,48.00 %,32.80 %,43 %,R$ 948.00,-11.56 %,R$ 9892.00,7.33 %,9.00 %,-10.00 %,3.72 %,-6.11 %,R$ 406.00,-26.58 %,43.00 %,11.87 %,43.00 %,-5.98 %,38.00 %,-8.81 %,MercadoLibre
K2 CONDUTORES ELETRICOS LTDA K2 CONDUTORES ELETRICOS LTDA,114138900,Ads,K2 FIOS_CABOS,kaio@k2fiosecabos.com.br,5519997576251,R$ 825636.00,-26.89 %,R$ 268650.00,-22.72 %,34.00 %,2.92 %,100 %,R$ 56925.00,-22.02 %,R$ 445385.00,-27.94 %,11.00 %,0.00 %,6.89 %,6.66 %,R$ 1691.00,-30.75 %,61.00 %,-0.58 %,61.00 %,-2.21 %,59.00 %,19.12 %,MercadoLibre
VS HOME DECOR COMERCIO DE MOVE VS HOME DECOR COMERCIO DE MOVE,1289180832,Ads,VSVS20230118104959,vshomedecor2022@gmail.com,5543996010024,R$ 24903.00,41.06 %,R$ 14320.00,98.51 %,57.00 %,19.74 %,0 %,R$ 1090.00,20.76 %,R$ 440.00,-75.08 %,71.00 %,108.82 %,4.38 %,-14.42 %,R$ 114.00,171.43 %,6.00 %,-59.54 %,2.00 %,-87.02 %,23.00 %,-7.89 %,MercadoLibre
Display Max Eletronica Ltda  .-,314874662,Ads,DISPLAY-MAX,kelvin@displaymax.com.br,5511985855875,R$ 134862.00,15.97 %,R$ 79001.00,28.08 %,60.00 %,2.83 %,26 %,R$ 3292.00,-19.20 %,R$ 33656.00,17.64 %,9.00 %,-25.00 %,2.44 %,-30.32 %,R$ 2060.00,23.87 %,27.00 %,-2.58 %,38.00 %,-6.23 %,42.00 %,-3.71 %,MercadoLibre
Milani  Movelaria,1675401376,Ads,MILANIMOVELARIA,adm@milanimovelaria.com.br,5543996636414,R$ 440268.00,-1.61 %,R$ 33259.00,16.88 %,8.00 %,13.61 %,69 %,R$ 21084.00,5.82 %,R$ 261490.00,4.51 %,7.00 %,0.00 %,4.79 %,7.55 %,R$ 920.00,3.60 %,64.00 %,5.74 %,51.00 %,-9.44 %,43.00 %,12.54 %,MercadoLibre
Walter Westphal,694305749,Ads,ERIANELSHOP,walterwestphal@gmail.com,48999454636,R$ 117012.00,78.56 %,R$ 14602.00,23.14 %,13.00 %,-32.96 %,100 %,R$ 3533.00,152.30 %,R$ 39673.00,140.79 %,8.00 %,0.00 %,3.02 %,41.33 %,R$ 2095.00,59.68 %,37.00 %,35.36 %,34.00 %,32.47 %,39.00 %,55.47 %,MercadoLibre
ARB Multiloja Multiloja,661489725,Ads,ARBMULT,arbmultiloja@gmail.com,5543999173572,R$ 18312.00,-6.43 %,R$ 1583.00,0.00 %,9.00 %,0.00 %,92 %,R$ 615.00,7.23 %,R$ 3730.00,-33.53 %,14.00 %,55.56 %,3.36 %,14.70 %,R$ 66.00,1.54 %,24.00 %,-24.93 %,25.00 %,-31.82 %,15.00 %,8.83 %,MercadoLibre
ARTIDONIO JOSE DOS REIS ,31259325,Ads,ARTIDÔNIO JOSÉ,artidonio_jose@hotmail.com,5511999475752,R$ 193491.00,17.54 %,R$ 41712.00,13.76 %,23.00 %,-3.33 %,54 %,R$ 7435.00,42.89 %,R$ 51940.00,15.92 %,13.00 %,30.00 %,3.84 %,21.57 %,R$ 3690.00,26.89 %,31.00 %,0.97 %,34.00 %,-4.22 %,43.00 %,14.87 %,MercadoLibre
LOJA SHEEP,2357207452,Ads,LOJASHEEP,gruposheepadm@gmail.com,5543996515905,R$ 355985.00,-26.09 %,R$ 103746.00,43.04 %,32.00 %,70.78 %,100 %,R$ 15651.00,-47.74 %,R$ 219174.00,-34.61 %,7.00 %,-12.50 %,4.40 %,-29.28 %,R$ 224.00,-25.33 %,66.00 %,-12.98 %,71.00 %,-23.35 %,40.00 %,-1.84 %,MercadoLibre
JARA DECOR,2272186759,Ads,JARADECOR,jaradecoor@gmail.com,5543988155608,R$ 51444.00,-30.26 %,R$ 28428.00,-24.29 %,59.00 %,0.76 %,85 %,R$ 3327.00,33.89 %,R$ 19150.00,8.03 %,15.00 %,25.00 %,6.47 %,91.96 %,R$ 188.00,-48.77 %,44.00 %,59.45 %,36.00 %,-7.25 %,34.00 %,37.80 %,MercadoLibre
VG COMERCIO DE MOVEIS LTDA VG COMERCIO DE MOVEIS LTDA,1923007702,Ads,HOMEDESIGNER,e-commerce@viggore.com.br,5521981810489,R$ 49727.00,108.33 %,R$ 33585.00,148.89 %,73.00 %,15.23 %,0 %,R$ 0.00,0.00 %,R$ 0.00,0.00 %,0.00 %,0.00 %,0.00 %,0.00 %,R$ 85.00,129.73 %,0.00 %,0.00 %,0.00 %,0.00 %,0.00 %,0.00 %,MercadoLibre
2R PRODUCAO E COMERCIO DE PROD,1679239354,Ads,RODRICALHAS,rodrigo.rgomes13@gmail.com,5521980985011,R$ 245182.00,38.04 %,R$ 138277.00,50.99 %,58.00 %,2.04 %,52 %,R$ 2687.00,21.76 %,R$ 29258.00,31.16 %,8.00 %,-11.11 %,1.10 %,-11.76 %,R$ 1118.00,31.07 %,13.00 %,-5.65 %,17.00 %,0.98 %,15.00 %,-0.89 %,MercadoLibre
Élpis Moveis Ltda Móveis para seu Lar,1986322052,Ads,ELPIS_MOVEIS,elpismoveis@gmail.com,5543998720117,R$ 80701.00,25.86 %,R$ 17699.00,63.28 %,23.00 %,27.29 %,100 %,R$ 3397.00,26.08 %,R$ 33364.00,35.58 %,9.00 %,-10.00 %,4.21 %,0.15 %,R$ 98.00,-6.67 %,46.00 %,6.98 %,32.00 %,11.65 %,24.00 %,43.17 %,MercadoLibre
Natalia Carolina De Oliveira,2429286880,Ads,NNMOVEISINTERIORES,fiscal@nninteriores.com.br,553298569631,R$ 7515.00,0.00 %,R$ 2693.00,0.00 %,43.00 %,0.00 %,10 %,R$ 144.00,0.00 %,R$ -144.00,0.00 %,Infinity %,0.00 %,1.92 %,0.00 %,R$ 11.00,0.00 %,0.00 %,0.00 %,0.00 %,0.00 %,8.00 %,0.00 %,MercadoLibre
D FERNANDO GROSSO COMERCIO LTD,663557212,Ads,D.A DECOR,d.adecor@hotmail.com,5543996749763,R$ 151286.00,-1.12 %,R$ 80704.00,-1.89 %,57.00 %,-1.48 %,78 %,R$ 3129.00,48.99 %,R$ 23980.00,99.54 %,12.00 %,-20.00 %,2.07 %,50.69 %,R$ 478.00,-5.16 %,18.00 %,94.19 %,20.00 %,87.62 %,16.00 %,85.13 %,MercadoLibre
FULLTRACK E COMMERCE E DECOR L,2466080057,Ads,FULLBX,fullbx00@gmail.com,5543991561216,R$ 9016.00,161.94 %,R$ 5367.00,270.69 %,65.00 %,54.92 %,0 %,R$ 0.00,-100.00 %,R$ 0.00,0.00 %,0.00 %,0.00 %,0.00 %,-100.00 %,R$ 11.00,83.33 %,0.00 %,-100.00 %,0.00 %,-100.00 %,0.00 %,-100.00 %,MercadoLibre
DLIGHT COMERCIAL LTDA,233511402,Ads,ESTILUZ ILUMINACAO,eco@dlight.br.com,5511972067292,R$ 28542.00,-36.51 %,R$ 17036.00,-34.45 %,65.00 %,3.58 %,15 %,R$ 1098.00,-64.89 %,R$ 5003.00,-74.38 %,18.00 %,28.57 %,3.85 %,-44.71 %,R$ 367.00,-14.45 %,21.00 %,-57.58 %,18.00 %,-69.15 %,36.00 %,-7.95 %,MercadoLibre
Ariadine Roberta Gobeti,1162877510,Ads,APOLLOSMOVEIS,apollomoveis123@gmail.com,43999835402,R$ 50476.00,65.61 %,R$ 9396.00,79.26 %,19.00 %,0.20 %,54 %,R$ 725.00,74.24 %,R$ 5036.00,240.07 %,13.00 %,-40.91 %,1.44 %,5.23 %,R$ 29.00,38.10 %,11.00 %,83.36 %,10.00 %,96.55 %,15.00 %,84.13 %,MercadoLibre
CAMILLO PARTS DISTRIB AUTOMOTIVA LTDA,576276943,Ads,TRWCAMILLOPARTS,vendas20@camilloparts.com.br,5554984222935,R$ 212869.00,43.85 %,R$ 156127.00,72.69 %,78.00 %,3.40 %,58 %,R$ 1856.00,-1.71 %,R$ 23072.00,47.06 %,7.00 %,-36.36 %,0.87 %,-31.66 %,R$ 1115.00,-0.18 %,12.00 %,-1.41 %,21.00 %,2.78 %,14.00 %,4.05 %,MercadoLibre
NEPO MOVEIS LTDA NEPO MOVEIS LTDA,2421093002,Ads,NEPOMOVEIS,contato@nepomoveis.com,5532988986490,R$ 16525.00,-34.81 %,R$ 11510.00,-18.57 %,70.00 %,4.51 %,0 %,R$ 62.00,-88.73 %,R$ 306.00,-81.93 %,17.00 %,-32.00 %,0.38 %,-82.83 %,R$ 48.00,-35.14 %,2.00 %,-75.06 %,2.00 %,-88.83 %,4.00 %,-80.14 %,MercadoLibre
Adilson De Souza Varella,520283543,Ads,VARELLAADILSONDESOUZAVARELL,adilsonvarella59@gmail.com,5532999376966,R$ 25275.00,-39.91 %,R$ 12764.00,-24.31 %,54.00 %,1.14 %,0 %,R$ 0.00,0.00 %,R$ 0.00,0.00 %,0.00 %,0.00 %,0.00 %,0.00 %,R$ 26.00,-38.10 %,0.00 %,0.00 %,0.00 %,0.00 %,0.00 %,0.00 %,MercadoLibre
CLICK DECOR LTDA,2463977064,Ads,CLICK_DECOR,clickdecor25@gmail.com,5543996813874,R$ 76398.00,14.19 %,R$ 8415.00,36.79 %,11.00 %,2.61 %,100 %,R$ 1870.00,-5.10 %,R$ 29673.00,1.52 %,6.00 %,0.00 %,2.45 %,-16.91 %,R$ 88.00,29.41 %,41.00 %,-11.46 %,45.00 %,-21.86 %,36.00 %,15.95 %,MercadoLibre
RACK BOARD COMERCIO DE PECAS E ACESSORIOS LTDA - ME,80505015,Ads,RACKBOARD,wilian@rackboard.com.br,5511941470012,R$ 93924.00,-12.39 %,R$ 22236.00,3.06 %,24.00 %,11.27 %,77 %,R$ 3612.00,9.71 %,R$ 33761.00,11.73 %,10.00 %,0.00 %,3.85 %,25.20 %,R$ 522.00,11.06 %,39.00 %,24.92 %,49.00 %,2.86 %,42.00 %,11.52 %,MercadoLibre
ELETRICA ADR COMERCIO ONLINE EIRELI,293850899,Ads,ELETRICAADR.COM,vendas1@eletricaadronline.com,5511983514822,R$ 78395.00,-19.67 %,R$ 23941.00,-10.61 %,31.00 %,8.70 %,15 %,R$ 2959.00,-26.99 %,R$ 28053.00,-24.80 %,10.00 %,0.00 %,3.77 %,-9.10 %,R$ 1734.00,-19.91 %,39.00 %,-6.85 %,38.00 %,-12.73 %,47.00 %,4.90 %,MercadoLibre
MXB CALCADOS E ACESSORIOS LTDA,1817486873,Ads,MXBSHOES,lucas.mkpt@gmail.com,5516992928248,R$ 103143.00,53.33 %,R$ 7781.00,19.45 %,8.00 %,-23.47 %,9 %,R$ 3720.00,133.43 %,R$ 27570.00,88.55 %,12.00 %,20.00 %,3.61 %,52.20 %,R$ 1843.00,47.20 %,30.00 %,25.74 %,32.00 %,26.85 %,42.00 %,30.26 %,MercadoLibre
Click Buy Ecomm,1767620878,Ads,CLICKBUYECOMM,vendasclickbuy@gmail.com,5541992129019,R$ 23452.00,161.15 %,R$ 5263.00,110.92 %,25.00 %,-14.66 %,0 %,R$ 0.00,-100.00 %,R$ 0.00,-100.00 %,0.00 %,0.00 %,0.00 %,-100.00 %,R$ 225.00,114.29 %,0.00 %,-100.00 %,0.00 %,-100.00 %,0.00 %,-100.00 %,MercadoLibre
HIDRA MASTER IND COM EQUIP HID,1716828387,Ads,HIDRAMASTER_HIDRAULICOS,adm@hidramasterhidraulicos.com.br,5554996742474,R$ 73929.00,1.03 %,R$ 32128.00,-0.91 %,48.00 %,3.75 %,0 %,R$ 4254.00,111.48 %,R$ 24978.00,4.76 %,13.00 %,62.50 %,5.75 %,109.39 %,R$ 167.00,17.61 %,46.00 %,29.28 %,41.00 %,31.66 %,48.00 %,33.55 %,MercadoLibre
Wehouse Serviços Digitais Ltda,358180856,Ads,WEHOUSE,luiz.pontes@wehouse.com.br,5543999567000,R$ 1221975.00,-38.72 %,R$ 166677.00,0.92 %,15.00 %,55.20 %,100 %,R$ 29724.00,-46.88 %,R$ 444249.00,-36.80 %,6.00 %,-14.29 %,2.43 %,-13.31 %,R$ 1292.00,-22.22 %,39.00 %,1.92 %,41.00 %,-10.07 %,23.00 %,0.15 %,MercadoLibre
MARIANA GONCALVES CRUZ,649444951,Ads,ZURCDECOR.COM.BR,zurcdecor@gmail.com,5532988876106,R$ 225038.00,59.12 %,R$ 116396.00,177.10 %,54.00 %,61.77 %,49 %,R$ 988.00,-27.33 %,R$ 16383.00,153.24 %,6.00 %,-64.71 %,0.44 %,-54.34 %,R$ 160.00,61.62 %,8.00 %,41.86 %,10.00 %,66.67 %,3.00 %,-53.21 %,MercadoLibre
ATELIE DO CONFORTO LTDA ATELIE DO CONFORTO LTDA,1499963069,Ads,ATELIEDOCONFORTO,atelieconfort@gmail.com,5543996542208,R$ 61640.00,-19.81 %,R$ 28999.00,245.25 %,55.00 %,324.24 %,0 %,R$ 390.00,-91.01 %,R$ 4082.00,-88.29 %,9.00 %,-18.18 %,0.63 %,-88.79 %,R$ 72.00,-44.62 %,7.00 %,-85.78 %,8.00 %,-85.96 %,2.00 %,-91.20 %,MercadoLibre
Itasat Ecommerce,805989898,Ads,FUTUCA_SP,ecf.consultoria@futuca.com.br,5511932321001,R$ 434315.00,-12.18 %,R$ 128627.00,8.60 %,31.00 %,21.05 %,79 %,R$ 10284.00,16.22 %,R$ 144556.00,22.68 %,7.00 %,0.00 %,2.37 %,32.33 %,R$ 1541.00,0.00 %,36.00 %,39.14 %,30.00 %,21.17 %,29.00 %,48.41 %,MercadoLibre
BORIM INTERNATIONAL COMERCIO  ,2116859660,Ads,MOBLIE,prospectawtj@gmail.com,5519989504688,R$ 17528.00,-19.31 %,R$ 2919.00,-27.72 %,17.00 %,-11.29 %,23 %,R$ 524.00,-37.48 %,R$ 3888.00,-52.48 %,12.00 %,33.33 %,2.99 %,-22.50 %,R$ 452.00,-18.41 %,25.00 %,-39.37 %,31.00 %,-36.33 %,39.00 %,-9.59 %,MercadoLibre
IS REDES DE PESCA LTDA,96846274,Ads,ABSOLUTCARGOEPESCA,isredespesca@gmail.com,5511983631438,R$ 87727.00,-1.23 %,R$ 20590.00,-14.80 %,24.00 %,-18.48 %,80 %,R$ 3843.00,51.69 %,R$ 42644.00,29.95 %,8.00 %,14.29 %,4.38 %,53.61 %,R$ 1215.00,22.85 %,53.00 %,33.14 %,51.00 %,16.80 %,51.00 %,77.17 %,MercadoLibre
GRAF E EDITORA ADHARA LTDA,462789629,Ads,ADHARAPRINTSHOP FERNANDO,fernando_diel@hotmail.com,5555999739732,R$ 76241.00,12.17 %,R$ 29810.00,30.18 %,39.00 %,13.77 %,35 %,R$ 1719.00,-18.15 %,R$ 16667.00,11.13 %,9.00 %,-25.00 %,2.25 %,-27.03 %,R$ 199.00,13.07 %,24.00 %,-4.13 %,27.00 %,-4.72 %,25.00 %,-4.13 %,MercadoLibre
AMARIS BRAND LTDA,1518091839,Ads,AMARISBRAND,amarismarinho@gmail.com,5585997471917,R$ 16508.00,-51.67 %,R$ 7849.00,-49.38 %,50.00 %,-8.07 %,50 %,R$ 529.00,-16.20 %,R$ 4136.00,-44.39 %,11.00 %,37.50 %,3.20 %,73.45 %,R$ 161.00,-50.76 %,28.00 %,19.61 %,32.00 %,13.35 %,16.00 %,160.39 %,MercadoLibre
Kaiton Comércio,2016630057,Ads,KAITONCOMERCIO,contato@kaiton.com.br,5511981746983,R$ 192385.00,7.22 %,R$ 30154.00,5.48 %,16.00 %,-5.86 %,66 %,R$ 6300.00,27.11 %,R$ 70881.00,38.20 %,8.00 %,-11.11 %,3.27 %,18.56 %,R$ 1688.00,9.40 %,40.00 %,27.98 %,43.00 %,21.79 %,37.00 %,8.02 %,MercadoLibre
28 286 111 JULIANA DE FREITAS 28 286 111 JULIANA DE FREITAS,127818931,Ads,SAITAMA E,eduardo@saitamaecom.com.br,5519983280317,R$ 133863.00,-1.16 %,R$ 25979.00,28.06 %,20.00 %,24.86 %,30 %,R$ 4583.00,7.04 %,R$ 59727.00,-3.29 %,7.00 %,16.67 %,3.42 %,8.29 %,R$ 4107.00,-8.59 %,48.00 %,-1.53 %,47.00 %,-0.08 %,43.00 %,9.17 %,MercadoLibre
52 112 452 ALINE CRISTINA PERE 52 112 452 ALINE CRISTINA PERE,1480097248,Ads,ADVANZCOMMERCE,advanzcomerce@gmail.com,5519995692034,R$ 7104799.00,16.37 %,R$ 3089176.00,45.23 %,45.00 %,20.05 %,0 %,R$ 32572.00,-1.43 %,R$ 317888.00,-39.39 %,9.00 %,50.00 %,0.46 %,-15.30 %,R$ 120769.00,10.25 %,5.00 %,-46.00 %,4.00 %,-55.38 %,6.00 %,-29.48 %,MercadoLibre
LOJA WEAM,1651097425,Ads,USEWEAM,contato.weam@gmail.com,5511912088978,R$ 58246.00,104.45 %,R$ 32769.00,141.12 %,56.00 %,7.59 %,80 %,R$ 3665.00,75.80 %,R$ 32530.00,157.14 %,10.00 %,-28.57 %,6.29 %,-14.02 %,R$ 1099.00,89.16 %,60.00 %,15.54 %,62.00 %,7.03 %,58.00 %,8.39 %,MercadoLibre
BOX LISBOA COMERCIO LTDA BOX LISBOA COMERCIO LTDA,1411460869,Ads,BOXLISBOA,diego.lisboa@boxlisboa.com.br,5511974840050,R$ 72953.00,-12.71 %,R$ 20822.00,0.85 %,30.00 %,7.79 %,28 %,R$ 1881.00,4.77 %,R$ 15979.00,-17.22 %,11.00 %,22.22 %,2.58 %,19.98 %,R$ 1731.00,-7.43 %,24.00 %,-3.10 %,22.00 %,-0.19 %,24.00 %,13.78 %,MercadoLibre
Milani movelaria ltda,160518908,Ads,MILANILENONN,bymaderomobilia@gmail.com,5543996162359,R$ 36713.00,14.70 %,R$ 30334.00,29.46 %,85.00 %,0.95 %,69 %,R$ 1235.00,39.49 %,R$ 9292.00,708.27 %,12.00 %,-72.73 %,3.36 %,21.66 %,R$ 67.00,17.54 %,29.00 %,350.98 %,29.00 %,265.38 %,24.00 %,284.85 %,MercadoLibre
ZM DISTRIBUIDORA AUTOMOTIVA LT,272383863,Ads,ZMDISTRIBUIDORA,zeca@autopecaspedroso.com.br,5534999748580,R$ 316874.00,-32.88 %,R$ 33517.00,-30.95 %,11.00 %,-12.54 %,45 %,R$ 10170.00,-6.54 %,R$ 79461.00,-16.99 %,11.00 %,10.00 %,3.21 %,39.24 %,R$ 2902.00,-9.96 %,28.00 %,25.09 %,37.00 %,-8.65 %,41.00 %,4.74 %,MercadoLibre
FACAS ERECHIM LTDA,710041135,Ads,FACASERECHIM,facaserechim42@gmail.com,5554992630500,R$ 35340.00,-40.79 %,R$ 18116.00,-40.73 %,53.00 %,-0.81 %,73 %,R$ 1794.00,-29.44 %,R$ 14650.00,-35.88 %,11.00 %,10.00 %,5.08 %,19.15 %,R$ 399.00,-33.17 %,47.00 %,9.38 %,56.00 %,-1.45 %,37.00 %,24.66 %,MercadoLibre
Pedroso Auto Peças Ltda .-,426439359,Ads,PEDROSOPECAS,lucas@autopecaspedroso.com.br,5534999959205,R$ 439364.00,21.42 %,R$ 35667.00,20.67 %,9.00 %,-3.96 %,63 %,R$ 18229.00,9.98 %,R$ 191567.00,19.60 %,9.00 %,0.00 %,4.15 %,-9.42 %,R$ 4630.00,11.22 %,48.00 %,-2.27 %,48.00 %,-6.19 %,54.00 %,3.09 %,MercadoLibre
Morales   silva s ltda,1633567932,Ads,RFSTORE888,rf.store888@gmail.com,5519971577751,R$ 126427.00,59.41 %,R$ 50100.00,95.40 %,42.00 %,21.15 %,54 %,R$ 2093.00,-41.36 %,R$ 22230.00,-22.92 %,9.00 %,-18.18 %,1.66 %,-63.21 %,R$ 3277.00,76.94 %,19.00 %,-53.00 %,12.00 %,-62.13 %,15.00 %,-59.21 %,MercadoLibre
MASSARI PECAS E FERRAMENTAS AU MASSARI PECAS E FERRAMENTAS AU,428595367,Ads,MSFERRAM,atendimento@guiasmassari.com.br,5511998410966,R$ 47612.00,35.22 %,R$ 5952.00,44.85 %,13.00 %,4.37 %,46 %,R$ 2338.00,30.12 %,R$ 15755.00,19.26 %,13.00 %,8.33 %,4.91 %,-3.78 %,R$ 845.00,33.28 %,38.00 %,-11.08 %,27.00 %,-9.97 %,36.00 %,-0.37 %,MercadoLibre
GALESI DISTRIBUIDORA DE PECAS GALESI DISTRIBUIDORA DE PECAS,1414879544,Ads,AUTONEXX,enovaes@autonexx.com.br,5511953248830,R$ 275341.00,2.53 %,R$ 67818.00,36.47 %,26.00 %,27.92 %,60 %,R$ 4350.00,25.63 %,R$ 44629.00,24.56 %,9.00 %,0.00 %,1.58 %,22.55 %,R$ 3205.00,-1.87 %,18.00 %,21.52 %,13.00 %,22.80 %,17.00 %,19.87 %,MercadoLibre
S C G ROSSETON ECOMMERCE,404937248,Ads,VISAMMER,visammerdecor@gmail.com,43998660789,R$ 16467.00,51.23 %,R$ 8282.00,25.03 %,52.00 %,-14.34 %,0 %,R$ 0.00,0.00 %,R$ 0.00,0.00 %,0.00 %,0.00 %,0.00 %,0.00 %,R$ 29.00,52.63 %,0.00 %,0.00 %,0.00 %,0.00 %,0.00 %,0.00 %,MercadoLibre
SS COMERCIAL LTDA SS COMERCIAL LTDA,1392222305,Ads,SANTOSSIMOES,adm@santossimoes.com.br,5531996669278,R$ 182879.00,24.98 %,R$ 57949.00,58.44 %,33.00 %,15.29 %,57 %,R$ 3031.00,-28.71 %,R$ 32328.00,-32.48 %,9.00 %,12.50 %,1.66 %,-42.95 %,R$ 559.00,35.68 %,19.00 %,-45.73 %,28.00 %,3.06 %,26.00 %,-12.75 %,MercadoLibre
ECRS INTERMEDIACAO DE NEGOCIOS,2410087059,Ads,JOYPLANET,ecrs.negocios@gmail.com,5511920569798,R$ 13185.00,-13.03 %,R$ 5757.00,-37.04 %,44.00 %,-30.00 %,23 %,R$ 1818.00,94.58 %,R$ 4369.00,-29.30 %,29.00 %,123.08 %,13.79 %,123.56 %,R$ 116.00,-14.71 %,47.00 %,0.01 %,43.00 %,11.30 %,71.00 %,28.50 %,MercadoLibre
Paulo Afonso Alves Do Nascimento,382368355,Ads,DIFFERENT MIXX,paanpool@yahoo.com.br,5569992345631,R$ 85660.00,16.43 %,R$ 15933.00,25.13 %,19.00 %,7.04 %,82 %,R$ 4351.00,10.70 %,R$ 36630.00,24.49 %,11.00 %,-8.33 %,5.08 %,-4.93 %,R$ 1971.00,10.92 %,48.00 %,5.35 %,51.00 %,0.25 %,60.00 %,5.33 %,MercadoLibre
FUTURE ECOMMERCE COMERCIO DE UTILIDADES LTDA,75188345,Ads,FUTUCACOMERCIO,ecf.consultoria@futuca.com.br,5511932321001,R$ 315136.00,3.50 %,R$ 96323.00,-2.63 %,32.00 %,-9.57 %,53 %,R$ 4182.00,-33.35 %,R$ 53389.00,10.15 %,7.00 %,-36.36 %,1.33 %,-35.61 %,R$ 1018.00,6.71 %,18.00 %,1.61 %,30.00 %,-2.11 %,27.00 %,14.79 %,MercadoLibre
Futuca Magazine MG,2459133414,Ads,FUTUCAMG,ecf.consultoria@futuca.com.br,5511932321001,R$ 64967.00,-54.79 %,R$ 27700.00,-63.84 %,46.00 %,-18.17 %,91 %,R$ 3377.00,-48.82 %,R$ 33015.00,-50.60 %,9.00 %,0.00 %,5.20 %,13.19 %,R$ 302.00,-50.17 %,56.00 %,9.63 %,62.00 %,14.50 %,46.00 %,-8.44 %,MercadoLibre
RHINO AUTO PARTS,53770288,Ads,RHINOAUTOPARTS,ml-adm@rhinoautoparts.com.br,5521995727820,R$ 3114484.00,11.66 %,R$ 822999.00,30.51 %,28.00 %,11.30 %,51 %,R$ 32056.00,-38.63 %,R$ 562759.00,-1.91 %,5.00 %,-37.50 %,1.03 %,-45.04 %,R$ 6194.00,-2.93 %,19.00 %,-15.00 %,20.00 %,-33.11 %,29.00 %,-13.24 %,MercadoLibre
Katia Regina Donda Henrique,268200296,Ads,MOVELOVEOFICIAL,movelove@movelove.com.br,5517991221118,R$ 339236.00,18.52 %,R$ 137517.00,55.22 %,42.00 %,11.13 %,84 %,R$ 8115.00,-5.76 %,R$ 101574.00,19.93 %,7.00 %,-22.22 %,2.39 %,-20.49 %,R$ 1073.00,28.81 %,32.00 %,-0.85 %,21.00 %,-33.85 %,25.00 %,-22.77 %,MercadoLibre
MOVESHOW MOVEIS E DECORACAO LT,390792232,Ads,MOVESHOW,comercial@movelove.com.br,5517991221118,R$ 205967.00,189.77 %,R$ 22061.00,65.29 %,11.00 %,-48.03 %,81 %,R$ 3546.00,79.38 %,R$ 41374.00,311.04 %,8.00 %,-50.00 %,1.72 %,-38.10 %,R$ 714.00,143.69 %,22.00 %,28.73 %,27.00 %,16.82 %,20.00 %,7.33 %,MercadoLibre
Art tecnologia em limpeza ltda,1761617589,Ads,VINOWIPEREMOVEDOR,vinowipe@gmail.com,71984323834,R$ 3851.00,-17.27 %,R$ 1251.00,22.61 %,32.00 %,48.21 %,17 %,R$ 223.00,-55.52 %,R$ 2200.00,16.42 %,9.00 %,-57.14 %,5.79 %,-46.20 %,R$ 71.00,0.00 %,63.00 %,22.52 %,55.00 %,30.00 %,43.00 %,-16.51 %,MercadoLibre
L P POZENATO ECOMMERCE L P POZENATO ECOMMERCE,433720509,Ads,GRAN BELO,coordenacao@granbelo.com.br,5543991091232,R$ 1495236.00,-22.43 %,R$ 694261.00,-7.36 %,48.00 %,9.59 %,79 %,R$ 25391.00,-34.83 %,R$ 467099.00,-41.37 %,5.00 %,0.00 %,1.70 %,-15.99 %,R$ 465.00,-21.85 %,33.00 %,-24.03 %,32.00 %,-31.30 %,10.00 %,-13.65 %,MercadoLibre
M POZENATO  EIRELI EPP,17050324,Ads,MPOZENATO,marketing@mpozenato.com.br,5543999803558,R$ 686331.00,-5.46 %,R$ 95498.00,508.44 %,14.00 %,528.28 %,95 %,R$ 28004.00,-27.64 %,R$ 294507.00,-2.23 %,9.00 %,-18.18 %,4.08 %,-23.46 %,R$ 1456.00,-9.57 %,47.00 %,0.35 %,52.00 %,-4.86 %,33.00 %,3.26 %,MercadoLibre
POZENATO   CRISOSTOMO LTDA,273196837,Ads,LAURA LAR.,coordenacao@naymulticoisas.com.br,5543991091232,R$ 70780.00,29.22 %,R$ 37412.00,10.07 %,53.00 %,-21.65 %,0 %,R$ 0.00,0.00 %,R$ 0.00,0.00 %,0.00 %,0.00 %,0.00 %,0.00 %,R$ 23.00,35.29 %,0.00 %,0.00 %,0.00 %,0.00 %,0.00 %,0.00 %,MercadoLibre
POZELAR COMERCIAL LTDA COMERCIAL LTDA.,98355168,Ads,POZELAR,marketing@mpozenato.com.br,5543999803558,R$ 389748.00,27.29 %,R$ 39123.00,-66.11 %,10.00 %,-74.32 %,83 %,R$ 11222.00,0.24 %,R$ 106545.00,22.20 %,10.00 %,-9.09 %,2.88 %,-21.25 %,R$ 633.00,8.39 %,30.00 %,-5.97 %,30.00 %,-10.99 %,24.00 %,19.35 %,MercadoLibre
RHINO AUTOPARTS DISTR E IMP DE AUTO PECAS LTDA,163428374,Ads,RHINO SP,ml-adm@rhinoautoparts.com.br,5521995727820,R$ 188607.00,-13.43 %,R$ 36310.00,8.75 %,20.00 %,16.61 %,0 %,R$ 1420.00,-75.21 %,R$ 22161.00,-48.43 %,6.00 %,-50.00 %,0.75 %,-71.36 %,R$ 1197.00,-16.12 %,13.00 %,-44.06 %,13.00 %,-42.74 %,14.00 %,-50.02 %,MercadoLibre
Lyam Decor Comercial Eireli,128163338,Ads,LYAMDECOR,marketing3@lyamdecor.com.br,5543999290871,R$ 1161585.00,18.98 %,R$ 440225.00,31.77 %,39.00 %,7.45 %,76 %,R$ 26062.00,-7.94 %,R$ 320632.00,29.68 %,8.00 %,-20.00 %,2.24 %,-22.62 %,R$ 1559.00,16.95 %,30.00 %,5.71 %,34.00 %,5.92 %,15.00 %,24.47 %,MercadoLibre
D'Rossi Interiores,28749980,Ads,DROSSI INTERIORES,cadastro5drossi@gmail.com,554399880260,R$ 530283.00,-3.99 %,R$ 168396.00,43.89 %,33.00 %,37.15 %,89 %,R$ 23165.00,-28.56 %,R$ 225088.00,2.73 %,9.00 %,-30.77 %,4.37 %,-25.59 %,R$ 1046.00,0.38 %,47.00 %,2.79 %,49.00 %,-8.09 %,25.00 %,-5.44 %,MercadoLibre
DIPLANY AMBIENTES LTDA. - ME,177237120,Ads,DIPLANY,cadastro5@drossiinteriores.com.br,554399880260,R$ 25912.00,-37.90 %,R$ 5200.00,-16.69 %,20.00 %,27.94 %,39 %,R$ 243.00,-81.00 %,R$ 2227.00,-73.20 %,10.00 %,-23.08 %,0.94 %,-69.40 %,R$ 29.00,-51.67 %,10.00 %,-58.51 %,7.00 %,-60.15 %,2.00 %,-78.43 %,MercadoLibre
J Rosi Gerez Feri Comercio J Rosi Gerez Feri Comercio,251682125,Ads,ROSSI DECOR,cadastro6drossi@gmail.com,554399880260,R$ 24058.00,-25.63 %,R$ 8207.00,-31.26 %,35.00 %,-5.49 %,23 %,R$ 279.00,-73.65 %,R$ -275.00,-107.81 %,Infinity %,Infinity %,1.16 %,-64.57 %,R$ 34.00,-26.09 %,0.00 %,-100.00 %,0.00 %,-100.00 %,4.00 %,-63.67 %,MercadoLibre
VMEX DO BRASIL LTDA,2943589813,Ads,VV20251023145803,junior2013representa@gmail.com,5534999411235,R$ 127836.00,252.09 %,R$ 73615.00,309.00 %,70.00 %,3.33 %,0 %,R$ 2728.00,185.31 %,R$ 50028.00,205.84 %,5.00 %,-16.67 %,2.13 %,-18.95 %,R$ 489.00,328.95 %,41.00 %,-13.46 %,41.00 %,-32.07 %,38.00 %,26.89 %,MercadoLibre
RENOVAFER FERRAMENTAS E ACESSO,1845591926,Ads,RENOVAFER,atendimento@guiasmassari.com.br,5511998410966,R$ 6258.00,64.90 %,R$ 1375.00,76.36 %,23.00 %,9.51 %,5 %,R$ 115.00,-38.28 %,R$ 694.00,-52.08 %,14.00 %,27.27 %,1.84 %,-62.71 %,R$ 145.00,55.91 %,13.00 %,-69.99 %,17.00 %,-64.98 %,20.00 %,-46.03 %,MercadoLibre
LAPADOCES COM DOCES E FESTAS,2987502187,Ads,CL20251113082537,moraco.claudinea@gmail.com,5511991843535,R$ 41647.00,506.37 %,R$ 24480.00,498.17 %,64.00 %,-1.06 %,0 %,R$ 158.00,6.81 %,R$ 2774.00,298.74 %,5.00 %,-72.22 %,0.38 %,-82.39 %,R$ 1234.00,510.89 %,8.00 %,-38.72 %,7.00 %,-43.51 %,6.00 %,-63.11 %,MercadoLibre
LUCCAUTO PECAS E ACESSORIOS II,203710548,Ads,LUIZ-AUTO-ME,lukkauto@gmail.com,5511963090054,R$ 204684.00,-29.09 %,R$ 132633.00,-19.06 %,69.00 %,6.05 %,43 %,R$ 3513.00,-6.21 %,R$ 26674.00,-45.09 %,12.00 %,71.43 %,1.72 %,32.28 %,R$ 1394.00,-23.24 %,15.00 %,-18.70 %,20.00 %,-23.57 %,19.00 %,8.28 %,MercadoLibre
LUCCAUTO PECAS   ACESSORIOS LT,1039099160,Ads,LUCCMAX,lukkauto@gmail.com,5511963090054,R$ 120664.00,-8.46 %,R$ 24959.00,-3.05 %,22.00 %,-7.11 %,48 %,R$ 1481.00,25.74 %,R$ 16225.00,-3.20 %,8.00 %,14.29 %,1.23 %,37.34 %,R$ 1108.00,-10.36 %,15.00 %,7.82 %,18.00 %,-14.18 %,18.00 %,16.10 %,MercadoLibre
ITUFARMA DROGARIA LTDA,1941081291,Ads,ITUFARMA1,marcos.sereia@itufarma.com.br,5565996030850,R$ 20907.00,-60.39 %,R$ 5494.00,-51.92 %,27.00 %,20.40 %,53 %,R$ 895.00,-46.90 %,R$ 6408.00,-53.85 %,12.00 %,9.09 %,4.28 %,34.10 %,R$ 537.00,-40.13 %,35.00 %,18.42 %,35.00 %,24.00 %,40.00 %,36.17 %,MercadoLibre
LUANNA DE SOUZA TORMEN,262823234,Ads,IMAGINARIOCASAEACESSORIOS,tormenluanna@gmail.com,32988884880,R$ 37519.00,2320.32 %,R$ 10355.00,2014.35 %,30.00 %,-3.70 %,0 %,R$ 466.00,0.00 %,R$ 5805.00,0.00 %,7.00 %,0.00 %,1.24 %,0.00 %,R$ 678.00,2612.00 %,18.00 %,0.00 %,16.00 %,0.00 %,10.00 %,0.00 %,MercadoLibre
PRADO FERRAGENS   SUPRIMENTOS ,125675645,Ads,PRADO FERRAGENS,suportepradoferragens@gmail.com,5515998208331,R$ 266287.00,22.12 %,R$ 57803.00,49.76 %,23.00 %,21.66 %,65 %,R$ 8145.00,-10.35 %,R$ 89509.00,10.29 %,8.00 %,-20.00 %,3.06 %,-26.58 %,R$ 2134.00,12.79 %,37.00 %,-11.38 %,38.00 %,-16.68 %,39.00 %,10.54 %,MercadoLibre
RHINO AUTOPARTS DISTRIBUIDORA ,1378538842,Ads,RHINO ES,ml-adm@rhinoautoparts.com.br,5521995727820,R$ 591853.00,-1.83 %,R$ 169226.00,39.65 %,29.00 %,34.84 %,0 %,R$ 9032.00,-33.49 %,R$ 163735.00,-4.80 %,5.00 %,-28.57 %,1.53 %,-32.25 %,R$ 4550.00,6.58 %,29.00 %,-5.18 %,33.00 %,-34.75 %,25.00 %,-23.94 %,MercadoLibre
BARAOSHOP VARIEDADES LTDA,91464987,Ads,BARAOSHOP VARIEDADES,nfe@baraoshopvariedades.com.br,5519992255430,R$ 506679.00,6.81 %,R$ 94324.00,-13.86 %,20.00 %,-20.98 %,74 %,R$ 19633.00,-3.41 %,R$ 224820.00,-3.11 %,8.00 %,0.00 %,3.87 %,-9.57 %,R$ 7458.00,10.93 %,48.00 %,-9.31 %,39.00 %,-9.21 %,45.00 %,1.51 %,MercadoLibre
62 374 201 iago silva moliner,473365192,Ads,CAPIVO,iagomoliner18@gmail.com,5511940015269,R$ 8962.00,-42.34 %,R$ 6084.00,-45.44 %,73.00 %,-3.30 %,0 %,R$ 105.00,-52.04 %,R$ 3702.00,-35.82 %,3.00 %,-25.00 %,1.17 %,-17.23 %,R$ 106.00,-33.33 %,46.00 %,19.32 %,34.00 %,65.96 %,39.00 %,-11.79 %,MercadoLibre
ADELINA SHIROCO TIKU SALES,51493328,Ads,DESK DESIGN,deskdesign@deskdesign.com.br,5543999683727,R$ 133294.00,-6.41 %,R$ 54527.00,38.15 %,44.00 %,36.30 %,67 %,R$ 3891.00,-20.56 %,R$ 34702.00,16.31 %,10.00 %,-28.57 %,2.92 %,-15.12 %,R$ 364.00,-12.71 %,29.00 %,20.28 %,31.00 %,1.87 %,20.00 %,-3.63 %,MercadoLibre
TOTAL PARTS OMERCIO DE AUTOPECAS,221947051,Ads,TOTAL-PARTS-CONTA,rosangela.arnoni@gmail.com,44999158252,R$ 397092.00,-7.98 %,R$ 64531.00,-11.11 %,17.00 %,-5.30 %,71 %,R$ 12040.00,-12.55 %,R$ 133958.00,-24.81 %,8.00 %,14.29 %,3.03 %,-4.97 %,R$ 1186.00,-28.90 %,37.00 %,-17.35 %,21.00 %,-1.20 %,39.00 %,18.68 %,MercadoLibre
Speciale  Vitor,540459947,Ads,SPECIALE HOME,specialehome@gmail.com,5541999273389,R$ 20057.00,56.38 %,R$ 15387.00,60.58 %,77.00 %,2.69 %,68 %,R$ 1059.00,1.82 %,R$ 4213.00,20.10 %,20.00 %,-13.04 %,5.28 %,-34.88 %,R$ 22.00,69.23 %,26.00 %,-25.87 %,23.00 %,-26.14 %,47.00 %,17.01 %,MercadoLibre
MX INDUSTRIA E COMERCIO DE MOV MX INDUSTRIA E COMERCIO DE MOV,2263265805,Ads,MOBILIAE,robson.alves@mobiliae.com.br,5549991121690,R$ 66631.00,18.78 %,R$ 41654.00,27.03 %,66.00 %,0.61 %,88 %,R$ 2018.00,55.48 %,R$ 16680.00,122.86 %,11.00 %,-26.67 %,3.03 %,30.89 %,R$ 441.00,-20.97 %,28.00 %,79.25 %,30.00 %,51.21 %,22.00 %,46.50 %,MercadoLibre
MAXIGOLD SUPLEMENTOS LTDA MAXIGOLD SUPLEMENTOS LTDA,1147495456,Ads,MAXIGOLD SUPLEMENTOS,maxigoldweb@gmail.com,5543999234001,R$ 76911.00,2.13 %,R$ 19283.00,3.88 %,24.00 %,-4.00 %,68 %,R$ 3542.00,1.21 %,R$ 35116.00,-2.37 %,9.00 %,0.00 %,4.61 %,-0.92 %,R$ 551.00,-11.98 %,48.00 %,-8.55 %,47.00 %,-10.42 %,40.00 %,-15.07 %,MercadoLibre
N RENATO JACOBINI N RENATO JACOBINI,1123741754,Ads,JBDECORHOME,renato@renatojacobini.com.br,5519998847361,R$ 500024.00,46.75 %,R$ 171381.00,135.61 %,35.00 %,51.00 %,77 %,R$ 18306.00,38.70 %,R$ 240888.00,35.82 %,7.00 %,0.00 %,3.66 %,-5.49 %,R$ 3206.00,34.09 %,52.00 %,-7.35 %,43.00 %,-25.34 %,45.00 %,10.17 %,MercadoLibre
Roquinerio Luiz Almeida Guiducci,312480620,Ads,MG MÓVEIS,mgmoveis59@gmail.com,5532984034020,R$ 400563.00,21.16 %,R$ 243858.00,38.42 %,66.00 %,9.85 %,0 %,R$ 0.00,-100.00 %,R$ 0.00,-100.00 %,0.00 %,0.00 %,0.00 %,-100.00 %,R$ 679.00,39.71 %,0.00 %,-100.00 %,0.00 %,-100.00 %,0.00 %,-100.00 %,MercadoLibre
RB DISTRIBUIDORA E COMERCIO DE PRODUTOS LTDA,2654037900,Ads,RR20250826190645,rodricalhas@gmail.com,5521980224392,R$ 6470.00,-24.29 %,R$ 3112.00,-23.06 %,52.00 %,-0.88 %,100 %,R$ 247.00,-47.58 %,R$ 1043.00,-69.19 %,19.00 %,58.33 %,3.82 %,-30.59 %,R$ 31.00,-27.91 %,20.00 %,-55.82 %,21.00 %,-59.66 %,31.00 %,-26.19 %,MercadoLibre
METALURGICA TOMELIN LTDA,431707006,Ads,TOMELIN ARAMADOS,contato@tomelinaramados.com.br,5547991370019,R$ 58633.00,-22.22 %,R$ 14986.00,-27.35 %,26.00 %,-7.71 %,37 %,R$ 3243.00,-7.60 %,R$ 30859.00,-25.17 %,10.00 %,25.00 %,5.53 %,18.79 %,R$ 952.00,-26.09 %,58.00 %,-2.02 %,60.00 %,-12.71 %,55.00 %,-12.90 %,MercadoLibre
50.084.887 BRUNA DA SILVA CONS 50.084.887 BRUNA DA SILVA CONS,1356665418,Ads,IMPERIALECOMMERCEOFICIAL,imperial-acessorios@hotmail.com,5548996531008,R$ 372087.00,-9.93 %,R$ 156508.00,3.43 %,43.00 %,11.20 %,72 %,R$ 10853.00,-11.33 %,R$ 149588.00,-14.22 %,7.00 %,0.00 %,2.92 %,-1.56 %,R$ 4574.00,-8.65 %,43.00 %,-4.57 %,41.00 %,-4.93 %,43.00 %,3.73 %,MercadoLibre
BRUNA DA SILVA CONSTANTE   IMP,2506964236,Ads,IMPERIALECOMMERCE02,imperialecommerce04@gmail.com,5548996637225,R$ 143397.00,7.85 %,R$ 47991.00,24.50 %,35.00 %,11.01 %,60 %,R$ 3933.00,24.48 %,R$ 37444.00,-5.47 %,10.00 %,42.86 %,2.74 %,15.40 %,R$ 2232.00,22.57 %,29.00 %,-10.37 %,30.00 %,-14.93 %,22.00 %,11.43 %,MercadoLibre
KAMATZU PERFORMANCE PARTS LTDA,3242580153,Ads,KAMATZUSC,vendas20@camilloparts.com.br,5554984222935,R$ 254702.00,101.56 %,R$ 195022.00,114.19 %,81.00 %,3.72 %,58 %,R$ 5204.00,229.70 %,R$ 37845.00,125.07 %,12.00 %,33.33 %,2.04 %,63.62 %,R$ 794.00,-16.68 %,17.00 %,16.09 %,6.00 %,59.67 %,14.00 %,183.27 %,MercadoLibre
Ivete Leao Ladeia Meira,1107394917,Ads,CARAIBAALUMINIO,diretoria@caraibaaluminio.com.br,5571991396566,R$ 526864.00,-11.24 %,R$ 208533.00,22.54 %,41.00 %,35.25 %,99 %,R$ 9067.00,33.85 %,R$ 186855.00,35.17 %,5.00 %,0.00 %,1.72 %,50.81 %,R$ 649.00,-20.07 %,37.00 %,51.98 %,36.00 %,66.30 %,17.00 %,114.48 %,MercadoLibre
Feu servicos e locacoes ltda,2674179141,Ads,AVF_2K_COMERCIAL,mecanica2000mp@gmail.com,5524981592163,R$ 158763.00,-1.71 %,R$ 22850.00,11.99 %,15.00 %,12.95 %,53 %,R$ 6158.00,-15.94 %,R$ 60651.00,-25.46 %,9.00 %,12.50 %,3.88 %,-14.48 %,R$ 1432.00,-18.22 %,42.00 %,-23.52 %,43.00 %,-29.72 %,53.00 %,-6.89 %,MercadoLibre
STAR INDUSTRIA E COMERCIO DE M STAR INDUSTRIA E COMERCIO DE M,728881623,Ads,STARCONFORT,lojastarconfort@gmail.com,5543988134426,R$ 103607.00,-7.98 %,R$ 30942.00,47.12 %,32.00 %,58.41 %,73 %,R$ 4937.00,-33.02 %,R$ 45547.00,-9.93 %,10.00 %,-23.08 %,4.77 %,-27.21 %,R$ 207.00,2.99 %,49.00 %,-5.31 %,38.00 %,-17.22 %,29.00 %,-11.69 %,MercadoLibre
NEW STAR CONCEPTION HOME COMER NEW STAR CONCEPTION HOME COMER,1289169658,Ads,SHOPCABECEIRAS,shopdascabeceiras@gmail.com,5543988189775,R$ 46723.00,-14.20 %,R$ 11695.00,77.47 %,27.00 %,94.32 %,43 %,R$ 2223.00,-57.49 %,R$ 20888.00,-44.00 %,10.00 %,-16.67 %,4.76 %,-50.44 %,R$ 78.00,-10.34 %,49.00 %,-36.66 %,48.00 %,-47.12 %,37.00 %,-37.89 %,MercadoLibre
EDERALDO MESSIAS DA SILVA EDERALDO MESSIAS DA SILVA,1316350461,Ads,TSOCKS BRASIL,tsocksdigital@gmail.com,5516992199486,R$ 6769.00,70.86 %,R$ 2568.00,91.20 %,39.00 %,13.61 %,11 %,R$ 319.00,45.98 %,R$ 2789.00,150.42 %,10.00 %,-37.50 %,4.71 %,-14.76 %,R$ 148.00,70.11 %,46.00 %,36.53 %,48.00 %,42.10 %,43.00 %,20.58 %,MercadoLibre
Mille Industria e Comercio de  .-,373784852,Ads,USEMILLE,humbertomieli@gmail.com,5522988391385,R$ 12599.00,-11.37 %,R$ 5771.00,-6.86 %,49.00 %,3.36 %,20 %,R$ 367.00,-45.55 %,R$ 3153.00,-47.50 %,10.00 %,0.00 %,2.91 %,-38.56 %,R$ 72.00,-13.25 %,28.00 %,-40.55 %,29.00 %,-41.93 %,32.00 %,-20.23 %,MercadoLibre
43 616 809 BRENDHA SPINELLI,3223656591,Ads,SPINELLADECOR,clayton.lucasacht@gmail.com,5541997058033,R$ 427021.00,17732.00 %,R$ 303470.00,0.00 %,73.00 %,0.00 %,100 %,R$ 4454.00,324.26 %,R$ 123351.00,39505.51 %,3.00 %,-96.10 %,1.04 %,-97.62 %,R$ 466.00,482.50 %,30.00 %,-47.49 %,29.00 %,-54.15 %,16.00 %,-72.82 %,MercadoLibre
Roberta Batista Da Costa,1201778632,Ads,RCLCOMERCIO,rclatacadoevarejo@gmail.com,5571981476025,R$ 149384.00,157.60 %,R$ 108290.00,178.68 %,75.00 %,4.53 %,62 %,R$ 3449.00,44.75 %,R$ 33319.00,336.69 %,9.00 %,-62.50 %,2.31 %,-43.79 %,R$ 469.00,96.23 %,25.00 %,42.43 %,33.00 %,32.75 %,35.00 %,40.09 %,MercadoLibre
19.034.961 LILIAN BORIN OLIVEI 19.034.961 LILIAN BORIN OLIVEI,1489211668,Ads,IMPORTSDANTAS2,albertodansan@gmail.com,5511992856891,R$ 98769.00,-9.03 %,R$ 68688.00,-8.13 %,73.00 %,0.82 %,29 %,R$ 1022.00,-17.43 %,R$ 30975.00,51.49 %,3.00 %,-50.00 %,1.03 %,-9.18 %,R$ 1119.00,-11.96 %,32.00 %,62.21 %,30.00 %,83.09 %,21.00 %,57.32 %,MercadoLibre
59 602 198 ANDRESSA ARAUJO VAL,820887953,Ads,ALCOMERCIOEIMPORTACAO,aavaldivino@gmail.com,5511983861989,R$ 192423.00,32.80 %,R$ 121555.00,46.88 %,66.00 %,6.33 %,81 %,R$ 6133.00,40.19 %,R$ 64835.00,27.13 %,9.00 %,12.50 %,3.19 %,5.56 %,R$ 4450.00,25.32 %,37.00 %,-3.55 %,36.00 %,2.90 %,44.00 %,8.22 %,MercadoLibre
Mobilemotos ltda,662520165,Ads,MOBILEMOTOS,rrgasparvieira@gmail.com,5541995700168,R$ 133600.00,-11.86 %,R$ 23308.00,-23.90 %,18.00 %,-17.17 %,73 %,R$ 5816.00,-7.66 %,R$ 68193.00,-4.95 %,8.00 %,0.00 %,4.35 %,4.77 %,R$ 3309.00,-0.45 %,55.00 %,7.55 %,60.00 %,4.26 %,67.00 %,17.81 %,MercadoLibre
Racoes soldera ltda   me,557945769,Ads,PETSHOPBRASIL,agropetsoldera@gmail.com,5554991951109,R$ 252240.00,27.56 %,R$ 175528.00,31.33 %,72.00 %,0.26 %,42 %,R$ 6592.00,18.54 %,R$ 96819.00,25.29 %,6.00 %,-14.29 %,2.61 %,-7.07 %,R$ 1816.00,27.89 %,41.00 %,-2.13 %,42.00 %,5.84 %,34.00 %,15.80 %,MercadoLibre
53.764.449 RICARDO DA CUNHA DE 53.764.449 RICARDO DA CUNHA DE,2204524556,Ads,RPM_MARKETPLACE,ricsousapm@gmail.com,551182661209,R$ 95273.00,-4.36 %,R$ 62909.00,107.98 %,72.00 %,-3.32 %,4 %,R$ 1646.00,79.75 %,R$ 26046.00,159.96 %,6.00 %,-25.00 %,1.73 %,88.09 %,R$ 2042.00,46.80 %,29.00 %,23.62 %,29.00 %,12.10 %,31.00 %,31.32 %,MercadoLibre
VS Hospitalar,2383061020,Ads,VSHOSPITALAR,vendaonline@vshospitalar.com.br,5511946699226,R$ 409273.00,18.14 %,R$ 112441.00,41.91 %,28.00 %,19.40 %,59 %,R$ 3922.00,4.91 %,R$ 135945.00,5.49 %,3.00 %,0.00 %,0.96 %,-11.19 %,R$ 7745.00,-3.61 %,34.00 %,-10.81 %,29.00 %,-14.53 %,30.00 %,-2.51 %,MercadoLibre
Ezio Frediani,162401487,Ads,EZIOFREDIANI,eziofrediani@uol.com.br,5511973999770,R$ 0.00,0.00 %,R$ 0.00,0.00 %,0.00 %,0.00 %,0 %,R$ 0.00,0.00 %,R$ 0.00,0.00 %,0.00 %,0.00 %,0.00 %,0.00 %,R$ 0.00,0.00 %,0.00 %,0.00 %,0.00 %,0.00 %,0.00 %,0.00 %,MercadoLibre
GDF AUTO PECAS E SERVS LTDA,2147641869,Ads,GARCIAAUTOPECASOFICIAL,fabriciog@garciaautopecas.com.br,5554999050001,R$ 191954.00,6.75 %,R$ 35357.00,-65.46 %,20.00 %,-69.34 %,0 %,R$ 4333.00,83.46 %,R$ 6140.00,-39.85 %,41.00 %,115.79 %,2.26 %,71.85 %,R$ 358.00,-19.55 %,5.00 %,-21.94 %,11.00 %,23.79 %,13.00 %,62.20 %,MercadoLibre
Kaiton Comercio LTDA,578879169226495,-,Kaiton Comercio LTDA,contato@kaiton.com.br,5511981746983,R$ 1519.00,-66.05 %,R$ 0.00,0.00 %,0.00 %,0.00 %,-,R$ 0.00,0.00 %,R$ 0.00,0.00 %,0.00 %,0.00 %,0.00 %,0.00 %,R$ 0.00,0.00 %,0.00 %,0.00 %,0.00 %,0.00 %,0.00 %,0.00 %,Amazon
OLIVEIRA_AUTO_PECAS,1335157078,Ads,OLIVEIRA_AUTO_PECAS,ddenis.mercadao@gmail.com,16992685064,R$ 0.00,0.00 %,R$ 0.00,0.00 %,0.00 %,0.00 %,0 %,R$ 0.00,0.00 %,R$ 0.00,0.00 %,0.00 %,0.00 %,0.00 %,0.00 %,R$ 0.00,0.00 %,0.00 %,0.00 %,0.00 %,0.00 %,0.00 %,0.00 %,Shopee
LUCCAUTO,340540329,Ads,LUCCAUTO,lukkauto@gmail.com,5511963090054,R$ 0.00,0.00 %,R$ 0.00,0.00 %,0.00 %,0.00 %,0 %,R$ 0.00,0.00 %,R$ 0.00,0.00 %,0.00 %,0.00 %,0.00 %,0.00 %,R$ 0.00,0.00 %,0.00 %,0.00 %,0.00 %,0.00 %,0.00 %,0.00 %,Shopee
KATITUS,426052771,Ads,KATITUS,contato@katitus.com,5515991155236,R$ 174857.00,48.23 %,R$ 60616.00,98.47 %,36.00 %,29.34 %,100 %,R$ 10096.00,17.44 %,R$ 143826.00,35.52 %,7.00 %,0.00 %,6.05 %,-23.47 %,R$ 2211.00,47.20 %,88.00 %,-9.49 %,92.00 %,-10.13 %,0.00 %,0.00 %,Shopee
CAMILLO PARTS,1237026799,Ads,CAMILLO PARTS,vendas20@camilloparts.com.br,5554984222935,R$ 178453.00,17.31 %,R$ 128409.00,18.33 %,82.00 %,-2.18 %,0 %,R$ 5091.00,69.69 %,R$ 100709.00,26.52 %,5.00 %,25.00 %,3.26 %,40.27 %,R$ 654.00,1.24 %,59.00 %,9.18 %,49.00 %,-1.10 %,0.00 %,0.00 %,Shopee
GENUINE AUTOMOTIVE,349667948,Ads,GENUINE AUTOMOTIVE,vendas20@camilloparts.com.br,5554984222935,R$ 631858.00,27.20 %,R$ 426918.00,35.57 %,82.00 %,1.22 %,39 %,R$ 20023.00,26.17 %,R$ 501617.00,18.47 %,4.00 %,0.00 %,3.83 %,-5.80 %,R$ 3852.00,64.05 %,83.00 %,-6.65 %,60.00 %,12.25 %,0.00 %,0.00 %,Shopee
brav utilidades,573852348,Ads,brav utilidades,marcosaalacerda@gmail.com,62991103676,R$ 14739.00,-84.64 %,R$ 6641.00,-86.63 %,48.00 %,-12.92 %,100 %,R$ 709.00,-58.92 %,R$ 11298.00,-69.23 %,6.00 %,50.00 %,5.08 %,167.65 %,R$ 269.00,-65.78 %,81.00 %,103.38 %,81.00 %,112.23 %,0.00 %,0.00 %,Shopee
WEHOUSE.COM.BR,1423420147,Ads,WEHOUSE.COM.BR,luiz.pontes@wehouse.com.br,5543999567000,R$ 237332.00,-6.62 %,R$ 97967.00,-29.59 %,71.00 %,-6.27 %,31 %,R$ 4045.00,-34.72 %,R$ 159193.00,-5.63 %,2.00 %,-50.00 %,2.91 %,-13.10 %,R$ 174.00,-10.31 %,69.00 %,-0.05 %,74.00 %,-2.68 %,0.00 %,0.00 %,Shopee
TKJ DECORAÇÕES,1135724283,Ads,TKJ DECORAÇÕES,tkjdecoracoes@gmail.com,5543998254490,R$ 187187.00,18.05 %,R$ 100272.00,33.50 %,64.00 %,13.98 %,24 %,R$ 10486.00,22.12 %,R$ 161722.00,12.27 %,6.00 %,0.00 %,6.66 %,4.27 %,R$ 531.00,-11.20 %,92.00 %,-4.43 %,101.00 %,-0.74 %,0.00 %,0.00 %,Shopee
ZM Distribuidora Automotiva LTDA.,1637975054,Ads,ZM Distribuidora Automotiva LTDA.,zeca@autopecaspedroso.com.br,5534999748580,R$ 0.00,0.00 %,R$ 0.00,0.00 %,0.00 %,0.00 %,0 %,R$ 0.00,0.00 %,R$ 0.00,0.00 %,0.00 %,0.00 %,0.00 %,0.00 %,R$ 0.00,0.00 %,0.00 %,0.00 %,0.00 %,0.00 %,0.00 %,0.00 %,Shopee
FACAS ERECHIM LTDA,217467701,Ads,FACAS ERECHIM LTDA,facaserechim42@gmail.com,5554992630500,R$ 21737.00,-24.62 %,R$ 4755.00,283.20 %,23.00 %,371.05 %,34 %,R$ 1388.00,-39.58 %,R$ 17130.00,-36.88 %,7.00 %,-12.50 %,6.72 %,-25.73 %,R$ 204.00,-42.70 %,85.00 %,-16.54 %,72.00 %,-26.24 %,0.00 %,0.00 %,Shopee
contatokaiton,1373656065,Ads,contatokaiton,contato@kaiton.com.br,5511981746983,R$ 1794.00,-54.75 %,R$ 677.00,0.00 %,38.00 %,0.00 %,0 %,R$ 0.00,0.00 %,R$ 0.00,0.00 %,0.00 %,0.00 %,0.00 %,0.00 %,R$ 0.00,0.00 %,0.00 %,0.00 %,0.00 %,0.00 %,0.00 %,0.00 %,Shopee
Santos Simões,738365196,Ads,Santos Simões,adm@santossimoes.com.br,5531996669278,R$ 7834.00,234.51 %,R$ -16941.00,-1195.21 %,0.00 %,-100.00 %,52 %,R$ 142.00,32.06 %,R$ 22108.00,572.08 %,1.00 %,-66.67 %,-0.96 %,-120.78 %,R$ 1.00,0.00 %,284.00 %,95.82 %,2.00 %,-55.81 %,0.00 %,0.00 %,Shopee
Saitama Ecom,1134034927,Ads,Saitama Ecom,eduardo@saitamaecom.com.br,5519983280317,R$ 0.00,-100.00 %,R$ 0.00,-100.00 %,0.00 %,-100.00 %,0 %,R$ 0.00,-100.00 %,R$ 0.00,-100.00 %,0.00 %,0.00 %,0.00 %,-100.00 %,R$ 0.00,-100.00 %,0.00 %,-100.00 %,0.00 %,-100.00 %,0.00 %,0.00 %,Shopee
ByMobille,1246437201,Ads,ByMobille,comercial@bymobille.com.br,5532984971960,R$ 16258.00,-77.93 %,R$ -3076.00,0.00 %,0.00 %,0.00 %,0 %,R$ 0.00,-100.00 %,R$ 0.00,-100.00 %,0.00 %,0.00 %,0.00 %,-100.00 %,R$ 0.00,-100.00 %,0.00 %,-100.00 %,0.00 %,-100.00 %,0.00 %,0.00 %,Shopee
Mpozenato,375188138,Ads,Mpozenato,marketing@mpozenato.com.br,5543999803558,R$ 865821.00,-40.06 %,R$ 285230.00,-42.42 %,47.00 %,2.80 %,88 %,R$ 19498.00,-25.73 %,R$ 517258.00,-31.48 %,4.00 %,33.33 %,3.21 %,32.60 %,R$ 934.00,-37.02 %,62.00 %,14.64 %,67.00 %,11.80 %,0.00 %,0.00 %,Shopee
Gran Belo,406699478,Ads,Gran Belo,coordenacao@granbelo.com.br,5543991091232,R$ 207632.00,11.00 %,R$ -54472.00,0.00 %,0.00 %,0.00 %,13 %,R$ 801.00,-39.09 %,R$ 60194.00,-51.09 %,1.00 %,0.00 %,-19.08 %,-380.89 %,R$ 24.00,-60.66 %,29.00 %,-55.83 %,26.00 %,-55.63 %,0.00 %,0.00 %,Shopee
Laura Lar ,1081500407,Ads,Laura Lar ,coordenacao@naymulticoisas.com.br,5543991091232,R$ 0.00,0.00 %,R$ 0.00,0.00 %,0.00 %,0.00 %,0 %,R$ 0.00,0.00 %,R$ 0.00,0.00 %,0.00 %,0.00 %,0.00 %,0.00 %,R$ 0.00,0.00 %,0.00 %,0.00 %,0.00 %,0.00 %,0.00 %,0.00 %,Shopee
Lyam Decor | Loja,1107280577,Ads,Lyam Decor | Loja,marketing2@lyamdecor.com.br,5543999290871,R$ 991050.00,6.20 %,R$ 305831.00,57.09 %,45.00 %,49.13 %,85 %,R$ 12124.00,-11.68 %,R$ 364343.00,-3.36 %,3.00 %,-25.00 %,1.79 %,-16.16 %,R$ 622.00,-16.62 %,38.00 %,-9.28 %,43.00 %,-1.04 %,0.00 %,0.00 %,Shopee
D'Rossi Interiores,348584331,Ads,D'Rossi Interiores,cadastro6@drossiinteriores.com.br,5543999880260,R$ 91359.00,-33.51 %,R$ -10419.00,0.00 %,0.00 %,0.00 %,35 %,R$ 5408.00,-17.19 %,R$ 60012.00,-42.46 %,8.00 %,33.33 %,8.61 %,37.39 %,R$ 130.00,-0.76 %,72.00 %,-11.22 %,70.00 %,0.84 %,0.00 %,0.00 %,Shopee
Rhino Auto Parts,655402127,Ads,Rhino Auto Parts,ml-adm@rhinoautoparts.com.br,5521995727820,R$ 26621.00,-96.74 %,R$ 12020.00,-96.88 %,60.00 %,-2.70 %,2 %,R$ 596.00,-96.15 %,R$ 13721.00,-96.47 %,4.00 %,0.00 %,2.99 %,20.25 %,R$ 61.00,-94.96 %,54.00 %,8.67 %,62.00 %,32.55 %,0.00 %,0.00 %,Shopee
BOSS AUTO CARE,1246634808,Ads,BOSS AUTO CARE,fernandopayone@gmail.com,5511940082577,R$ 231878.00,258.27 %,R$ 149729.00,272.22 %,69.00 %,4.55 %,0 %,R$ 0.00,0.00 %,R$ 0.00,0.00 %,0.00 %,0.00 %,0.00 %,0.00 %,R$ 0.00,0.00 %,0.00 %,0.00 %,0.00 %,0.00 %,0.00 %,0.00 %,Shopee
ITUFARMA,1598197093,Ads,ITUFARMA,marcos.sereia@itufarma.com.br,5565996030850,R$ 36449.00,-25.99 %,R$ 7017.00,-3.29 %,21.00 %,32.50 %,18 %,R$ 1337.00,0.49 %,R$ 22935.00,-12.61 %,6.00 %,20.00 %,4.03 %,37.67 %,R$ 563.00,0.90 %,67.00 %,18.93 %,69.00 %,17.49 %,0.00 %,0.00 %,Shopee
Rhino Auto Parts ES,1060585622,Ads,Rhino Auto Parts ES,ml-adm@rhinoautoparts.com.br,5521995727820,R$ 80057.00,-9.83 %,R$ 45870.00,-21.16 %,71.00 %,-3.82 %,26 %,R$ 3292.00,5.49 %,R$ 63947.00,4.44 %,5.00 %,0.00 %,5.12 %,28.68 %,R$ 243.00,-16.21 %,84.00 %,15.88 %,84.00 %,1.13 %,0.00 %,0.00 %,Shopee
Baraoshop Variedades,451455097,Ads,Baraoshop Variedades,nfe@baraoshopvariedades.com.br,5519992255430,R$ 43037.00,21.22 %,R$ 836.00,0.00 %,2.00 %,0.00 %,29 %,R$ 1750.00,1.72 %,R$ 28909.00,11.38 %,6.00 %,0.00 %,4.32 %,-19.17 %,R$ 466.00,0.22 %,71.00 %,-8.61 %,67.00 %,-12.49 %,0.00 %,0.00 %,Shopee
ERIANELSHOP,1234939581,Ads,ERIANELSHOP,walterwestphal@gmail.com,48999454636,R$ 1080.00,-88.85 %,R$ -15.00,-103.18 %,0.00 %,-100.00 %,10 %,R$ 100.00,-91.55 %,R$ 16.00,-99.69 %,86.00 %,352.63 %,10.02 %,-20.28 %,R$ 2.00,-97.96 %,11.00 %,-83.44 %,11.00 %,-80.61 %,0.00 %,0.00 %,Shopee
BQ Modas,1010510141,Ads,BQ Modas,lediwear@gmail.com,47999945446,R$ 754.00,84.95 %,R$ 5.00,0.00 %,1.00 %,0.00 %,100 %,R$ 500.00,44.18 %,R$ 93.00,0.00 %,84.00 %,-46.50 %,70.55 %,-27.45 %,R$ 16.00,166.67 %,79.00 %,45.45 %,89.00 %,48.15 %,0.00 %,0.00 %,Shopee
Autonexx Prime,1464009232,Ads,Autonexx Prime,enovaes@autonexx.com.br,5511953248830,R$ 166357.00,-5.07 %,R$ 13288.00,1951.27 %,9.00 %,1993.30 %,12 %,R$ 64.00,-93.11 %,R$ 1228.00,-93.82 %,5.00 %,25.00 %,0.04 %,-92.96 %,R$ 9.00,-96.33 %,1.00 %,-93.46 %,0.00 %,-96.20 %,0.00 %,0.00 %,Shopee
Rhino Autoparts,1528304855,Ads,Rhino Autoparts,ml-adm@rhinoautoparts.com.br,5521995727820,R$ 41223.00,-44.12 %,R$ 21514.00,-46.15 %,66.00 %,-3.04 %,23 %,R$ 1591.00,-27.73 %,R$ 26685.00,-41.91 %,6.00 %,20.00 %,4.89 %,30.11 %,R$ 214.00,-39.55 %,69.00 %,5.11 %,80.00 %,7.27 %,0.00 %,0.00 %,Shopee
Mobiliaê,1473876265,Ads,Mobiliaê,robson.alves@mobiliae.com.br,5549991121690,R$ 8358.00,211.92 %,R$ 5132.00,161.49 %,70.00 %,-7.31 %,19 %,R$ 251.00,0.00 %,R$ 3923.00,0.00 %,6.00 %,0.00 %,3.44 %,0.00 %,R$ 59.00,0.00 %,50.00 %,0.00 %,56.00 %,0.00 %,0.00 %,0.00 %,Shopee
Tuki Pet,944253608,Ads,Tuki Pet,cruvinelecommerce@gmail.com,5516988353880,R$ 119681.00,20.22 %,R$ 24958.00,191.36 %,23.00 %,134.60 %,46 %,R$ 2332.00,-4.75 %,R$ 48484.00,5.34 %,5.00 %,0.00 %,2.11 %,-23.31 %,R$ 1124.00,6.84 %,42.00 %,-12.80 %,40.00 %,-21.52 %,0.00 %,0.00 %,Shopee
MATROM KIDS,1559277346,Ads,MATROM KIDS,mata-moreira@hotmail.com,5519992027007,R$ 55451.00,17.28 %,R$ 14176.00,53.10 %,27.00 %,30.74 %,37 %,R$ 2490.00,15.58 %,R$ 42093.00,16.02 %,6.00 %,0.00 %,4.68 %,-1.30 %,R$ 905.00,-7.56 %,80.00 %,-1.09 %,87.00 %,-3.56 %,0.00 %,0.00 %,Shopee
FRANCO TECIDOS E RETALHOS,1225425014,Ads,FRANCO TECIDOS E RETALHOS,francotecidos.atendimento@gmail.com,5543999142570,R$ 44886.00,-41.41 %,R$ 31042.00,-37.38 %,75.00 %,4.64 %,0 %,R$ 0.00,-100.00 %,R$ 0.00,-100.00 %,0.00 %,0.00 %,0.00 %,-100.00 %,R$ 0.00,-100.00 %,0.00 %,-100.00 %,0.00 %,-100.00 %,0.00 %,0.00 %,Shopee
Tuki Vet,1088545040,Ads,Tuki Vet,cruvinelecommerce@gmail.com,5516988353880,R$ 56009.00,-18.26 %,R$ 33335.00,-16.46 %,67.00 %,2.97 %,0 %,R$ 0.00,-100.00 %,R$ 0.00,-100.00 %,0.00 %,0.00 %,0.00 %,-100.00 %,R$ 0.00,-100.00 %,0.00 %,-100.00 %,0.00 %,-100.00 %,0.00 %,0.00 %,Shopee
